"code","station","state","lat","lon"
"A-MALWA","A-Malwa","Madhya Pradesh",23.8,76.05
"AAA","Aaa","Maharashtra",19.08,74.8
"ABG","Abg","",18.63,72.87
"ABP","Abp","Chhattisgarh",23.17,83.25
"ADILABAD","Adilabad","Andhra Pradesh",19.55,78.57
"AGA","Aga","",10.82,72.17
"AGB","Agb","Karnataka",13.5,75.08
"AGD","Agd","Maharashtra",19.85,75.4
"AGR","Agr","Uttar Pradesh",27.17,78.03
"AGRA","Agra","Uttar Pradesh",27.08,78.04
"AGT","Agt","Tripura",23.88,91.25
"AHM","Ahm","Gujarat",23.07,72.63
"AHMEDABAD","Ahmedabad","Gujarat",22.9,72.32
"AHMEDNAGAR","Ahmednagar","Maharashtra",19.16,74.6
"AIZWAL","Aizwal","Mizoram",23.84,92.92
"AJM","Ajm","Rajasthan",26.45,74.62
"AJMER","Ajmer","Rajasthan",26.31,74.64
"AKL","Akl","Maharashtra",20.7,77.07
"AKOLA","Akola","Maharashtra",20.76,77.15
"ALA","Ala","",9.55,76.42
"ALAPPUZHA","Alappuzha","Kerala",9.49,76.49
"ALB","Prayagraj","Uttar Pradesh",25.45,81.73
"ALD","Ald","Andhra Pradesh",19.65,78.53
"ALG","Alg","Uttar Pradesh",27.88,78.07
"ALIGARH","Aligarh","Uttar Pradesh",27.88,78.05
"ALIRAJPUR","Alirajpur","Madhya Pradesh",22.28,74.39
"ALJ","Alj","Madhya Pradesh",22.28,74.4
"ALMORA","Almora","Uttaranchal",29.7,79.56
"ALN","Aln","Arunachal Pradesh",28.16,94.8
"ALP","Alp","West Bengal",22.53,88.33
"ALW","Alw","Rajasthan",27.5,76.58
"ALWAR","Alwar","Rajasthan",27.64,76.67
"AMB","Amb","Haryana",30.38,76.77
"AMBALA","Ambala","Haryana",30.33,76.88
"AMBEDKAR","Ambedkar","Uttar Pradesh",26.43,82.7
"AMETHI","Amethi","Uttar Pradesh",26.35,81.63
"AML","Aml","Gujarat",21.6,71.22
"AMN","Amn","",11.12,72.73
"AMR","Amr","Punjab",31.63,74.87
"AMRAVATI","Amravati","Maharashtra",21.16,77.54
"AMRELI","Amreli","Gujarat",21.37,71.2
"AMRITSAR","Amritsar","Punjab",31.76,74.94
"AMT","Amt","Maharashtra",20.93,77.78
"ANAND","Anand","Gujarat",22.44,72.78
"ANANTNAG","Anantnag","Jammu and Kashmir",33.67,75.17
"ANANTPUR","Anantpur","Andhra Pradesh",14.45,77.62
"ANATNAG","Anatnag","Jammu and Kashmir",33.59,75.38
"ANDAMAN","Andaman","",11.41,93.04
"ANG","Ang","Orissa",20.83,85.1
"ANGUL","Angul","Orissa",20.9,84.83
"ANJAW","Anjaw","Arunachal Pradesh",28.04,96.85
"ANP","Anp","Rajasthan",29.17,73.17
"ANT","Ant","Andhra Pradesh",14.68,77.62
"ANUPPUR","Anuppur","Madhya Pradesh",23.03,81.66
"ARA","Ara","Bihar",25.57,84.67
"ARARIA","Araria","Bihar",26.26,87.37
"ARAVALLI","Aravalli","Gujarat",23.49,73.42
"ARIYALUR","Ariyalur","Tamil Nadu",11.15,79.23
"ARP","Arp","Tamil Nadu",10.33,79.38
"ART","Art","",10.8,73.68
"ARV","Arv","Andhra Pradesh",13.53,78.5
"ARWAL","Arwal","Bihar",25.18,84.38
"ASHOKNAGAR","Ashoknagar","Madhya Pradesh",24.62,77.88
"AUGUSTMUNI","Augustmuni","Uttaranchal",30.39,79.02
"AURAIYA","Auraiya","Uttar Pradesh",26.66,79.5
"AURANGABAD","Aurangabad","Bihar",24.81,84.38
"AVADI","Avadi","Tamil Nadu",13.12,80.08
"AYL","Ayl","Tamil Nadu",11.23,79.29
"AZAMGARH","Azamgarh","Uttar Pradesh",26.05,83.09
"AZG","Azg","Uttar Pradesh",26.05,83.22
"AZL","Azl","Mizoram",23.73,92.71
"Airport_IMD","Airport_IMD","Gujarat",23.0768,72.6279
"BABATPUR","Babatpur","Uttar Pradesh",25.26,82.51
"BADAYUN","Badayun","Uttar Pradesh",28.06,78.89
"BADGAM","Badgam","Jammu and Kashmir",33.86,74.66
"BADRADRI","Badradri","Andhra Pradesh",17.72,80.76
"BADRINATH","Badrinath","Uttaranchal",30.74,79.49
"BADWANI","Badwani","Madhya Pradesh",21.75,75.03
"BAG","Bag","West Bengal",22.98,88.37
"BAGALKOT","Bagalkot","Karnataka",16.17,75.65
"BAGALKOTE","Bagalkote","Karnataka",16.29,75.66
"BAGESHWAR","Bageshwar","Uttaranchal",29.9,79.82
"BAGHPAT","Baghpat","Uttar Pradesh",29.04,77.32
"BAHRAICH","Bahraich","Uttar Pradesh",27.73,81.4
"BAKSHA","Baksha","Assam",26.65,91.31
"BALAGHAT","Balaghat","Madhya Pradesh",21.86,80.28
"BALAGIR","Balagir","Orissa",20.61,83.18
"BALASORE","Balasore","Orissa",21.28,86.68
"BALLIA","Ballia","Uttar Pradesh",25.88,84.16
"BALOD","Balod","Chhattisgarh",20.7,81.18
"BALODABAZAR","Balodabazar","Chhattisgarh",21.54,82.32
"BALRAMPUR","Balrampur","Chhattisgarh",23.85,83.35
"BALTAL","Baltal","Jammu and Kashmir",34.26,75.42
"BANASKANTHA","Banaskantha","Gujarat",24.27,72.15
"BANDA","Banda","Uttar Pradesh",25.44,80.57
"BANGALORE-RURAL","Bangalore-Rural","Karnataka",13.27,77.57
"BANKA","Banka","Bihar",24.83,86.83
"BANSWARA","Banswara","Rajasthan",23.49,74.36
"BARABANKI","Barabanki","Uttar Pradesh",26.94,81.33
"BARAGARH","Baragarh","Orissa",21.24,83.55
"BARAMULLAH","Baramullah","Jammu and Kashmir",34.1,74.42
"BARAN","Baran","Rajasthan",24.92,76.82
"BAREILLY","Bareilly","Uttar Pradesh",28.45,79.38
"BARKOT","Barkot","Uttaranchal",30.81,78.21
"BARMER","Barmer","Rajasthan",25.58,71.47
"BARNALA","Barnala","Punjab",30.39,75.5
"BARODA","Baroda","Gujarat",22.31,73.27
"BARPETA","Barpeta","Assam",26.43,91.09
"BASTER","Baster","Chhattisgarh",19.14,81.77
"BASTI","Basti","Uttar Pradesh",26.76,82.6
"BAUDA","Bauda","Orissa",20.75,84.18
"BBS","Bbs","Orissa",20.25,85.83
"BDA","Bda","Uttar Pradesh",25.47,80.37
"BDG","Bdg","West Bengal",26.63,88.32
"BDI","Bdi","Rajasthan",25.45,75.63
"BDN","Bdn","Maharashtra",20.53,76.23
"BDS","Bds","Uttar Pradesh",28.4,77.87
"BDU","Bdu","Uttar Pradesh",28.05,79.12
"BEGUSARAI","Begusarai","Bihar",25.51,86.13
"BELGAUM","Belgaum","Karnataka",16.16,74.77
"BELLARY","Bellary","Karnataka",15.19,76.42
"BEMATARA","Bematara","Chhattisgarh",21.65,81.45
"BETUL","Betul","Madhya Pradesh",21.88,77.78
"BGK","Bgk","Karnataka",16.7,75.25
"BGP","Bgp","Bihar",25.23,86.95
"BGT","Bgt","West Bengal",25.22,88.78
"BHABUA","Bhabua","Bihar",24.98,83.61
"BHADRAK","Bhadrak","Orissa",20.99,86.62
"BHAGALPUR","Bhagalpur","Bihar",25.28,87.1
"BHANDARA","Bhandara","Maharashtra",21.12,79.77
"BHARATPUR","Bharatpur","Rajasthan",27.06,77.32
"BHATINDA","Bhatinda","Punjab",30.18,75
"BHATWARI","Bhatwari","Uttaranchal",30.81,78.61
"BHAVNAGAR","Bhavnagar","Gujarat",21.67,71.95
"BHILWARA","Bhilwara","Rajasthan",25.49,74.74
"BHIND","Bhind","Madhya Pradesh",26.35,78.68
"BHIWANI","Bhiwani","Haryana",28.73,75.98
"BHJ","Bhj","Gujarat",23.25,69.67
"BHOJPUR","Bhojpur","Bihar",25.45,84.57
"BHOPAL","Bhopal","Madhya Pradesh",23.49,77.41
"BHP","Bhp","Madhya Pradesh",23.28,77.35
"BHU","Bhu","Gujarat",21.75,72.2
"BHUNTAR","Bhuntar","Himachal Pradesh",31.87,77.15
"BID","Bid","Maharashtra",18.94,75.77
"BIDAR","Bidar","Karnataka",18.03,77.18
"BIJAPUR","Bijapur","Karnataka",16.81,75.9
"BIJNORE","Bijnore","Uttar Pradesh",29.41,78.46
"BIKANER","Bikaner","Rajasthan",28.12,73.13
"BIL","Bil","Himachal Pradesh",31.25,76.67
"BILASPUR","Bilaspur","Chhattisgarh",22.62,82
"BILASPUR-HP","Bilaspur-Hp","Himachal Pradesh",31.35,76.66
"BIR","Bir","Maharashtra",19,75.72
"BIRBHUM","Birbhum","West Bengal",23.85,87.56
"BISHNUPUR","Bishnupur","Manipur",24.51,93.8
"BISWANATH","Biswanath","Assam",26.89,93.42
"BITRA","Bitra","",11.55,72.15
"BJC_CHA","Bijapur","Chhattisgarh",18.77,80.74
"BJP","Bjp","Karnataka",16.82,75.72
"BKN","Bkn","Rajasthan",28,73.3
"BLA","Bla","Uttar Pradesh",25.75,84.17
"BLD","Bld","Chhattisgarh",18.71,81.23
"BLG","Blg","Karnataka",15.85,74.62
"BLN","Bln","Karnataka",13.37,75.45
"BLR","Blr","Orissa",20.7,83.5
"BLS","Bls","Orissa",21.52,86.93
"BLW","Blw","Rajasthan",25.35,74.63
"BLY","Bly","Karnataka",15.15,76.85
"BMB","Bmb","Maharashtra",19.12,72.83
"BMD","Bmd","Arunachal Pradesh",27.42,92.85
"BMP","Bmp","Maharashtra",20.6,79.85
"BMT","Bmt","Maharashtra",18.15,74.58
"BND","Bnd","Madhya Pradesh",26.57,78.8
"BNG","Bng","Karnataka",12.97,77.58
"BNG-URBAN","Bng-Urban","Karnataka",12.94,77.78
"BNK","Bnk","West Bengal",23.25,87.05
"BNL","Bnl","Jammu and Kashmir",33.43,75.19
"BNT","Bnt","Himachal Pradesh",31.83,77.17
"BOKARO","Bokaro","Jharkhand",23.69,86.01
"BONGAIGAON","Bongaigaon","Assam",26.35,90.62
"BOTAD","Botad","Gujarat",22.15,71.75
"BPD","Bpd","Orissa",21.93,86.77
"BPT","Bpt","Andhra Pradesh",15.9,80.47
"BRA","Bra","Maharashtra",18.45,73.4
"BRC","Brc","Uttar Pradesh",27.57,81.6
"BRD","Brd","Gujarat",22.3,73.25
"BRH","Brh","Gujarat",21.73,73
"BRL","Brl","Uttar Pradesh",28.37,79.4
"BRM","Brm","Rajasthan",25.75,71.38
"BROACH","Broach","Gujarat",21.73,73
"BRP","Brp","West Bengal",24.13,88.27
"BRT","Brt","Rajasthan",27.22,77.5
"BST","Bst","Uttar Pradesh",26.8,82.73
"BSW","Bsw","Rajasthan",23.55,74.45
"BTD","Btd","Punjab",30.21,74.94
"BTL","Btl","Madhya Pradesh",21.87,77.93
"BTT","Btt","Jammu and Kashmir",33.07,75.19
"BUL","Bul","Gujarat",20.62,72.93
"BULANDSHAHR","Bulandshahr","Uttar Pradesh",28.39,78.07
"BULDHANA","Buldhana","Maharashtra",20.57,76.38
"BUNDI","Bundi","Rajasthan",25.44,75.79
"BURDWAN","Burdwan","West Bengal",23.4,87.75
"BURHANPUR","Burhanpur","Madhya Pradesh",21.33,76.37
"BUXAR","Buxar","Bihar",25.51,84.08
"BWN","Bwn","West Bengal",23.23,87.85
"BWP","Bwp","Orissa",19.92,83.18
"Bihta_bihar","Bihta_bihar","Bihar",25.557,84.8917
"CACHER","Cacher","Assam",24.76,92.86
"CAVE","Cave","Jammu and Kashmir",34.22,75.51
"CBL","Cbl","Orissa",20.78,86.73
"CBS","Cbs","Jharkhand",22.55,85.82
"CDL","Cdl","Tamil Nadu",11.77,79.77
"CDP","Cdp","Andhra Pradesh",14.48,78.83
"CENTRAL-DELHI","Central-Delhi","Delhi",28.67,77.22
"CENTRAL-SIKKIM","Central-Sikkim","Sikkim",27.6,88.51
"CHA","Cha","Bihar",25.78,84.73
"CHAMARAJNAGAR","Chamarajnagar","Karnataka",11.94,77.09
"CHAMBA","Chamba","Himachal Pradesh",32.69,76.34
"CHAMPAWAT","Champawat","Uttaranchal",29.29,80.06
"CHAMPHAI","Champhai","Mizoram",23.54,93.23
"CHANDAULI","Chandauli","Bihar",25.22,83.49
"CHANDEL","Chandel","Manipur",24.1,94.07
"CHANDIGARH","Chandigarh","Chandigarh",30.73,76.77
"CHANDRAPUR","Chandrapur","Maharashtra",20.09,79.4
"CHANGLANG","Changlang","Arunachal Pradesh",27.47,96.4
"CHARAIDEO","Charaideo","Assam",27.07,95.07
"CHARKHI-DADRI","Charkhi-Dadri","Haryana",28.6,76.15
"CHATRAI","Chatrai","Jharkhand",24.1,84.9
"CHB","Chb","West Bengal",26.33,89.47
"CHD","Chd","Haryana",30.73,76.88
"CHEMBARAPAKKAM","Chembarapakkam","Tamil Nadu",13.02,80.04
"CHENNAI","Chennai","Tamil Nadu",13.07,80.25
"CHETLAT","Chetlat","",11.69,72.7
"CHHATARPUR","Chhatarpur","Madhya Pradesh",24.76,79.71
"CHHINDWARA","Chhindwara","Madhya Pradesh",22.14,78.83
"CHIKBALLAPUR","Chikballapur","Karnataka",13.59,77.79
"CHIKMAGALUR","Chikmagalur","Karnataka",13.4,75.72
"CHILAS","Chilas","",35.3,74.25
"CHINYALISOUR","Chinyalisour","Uttaranchal",30.57,78.32
"CHIRANG","Chirang","Assam",26.65,90.65
"CHITRADURGA","Chitradurga","Karnataka",14.31,76.53
"CHITRAKUT","Chitrakut","Uttar Pradesh",25.22,81.12
"CHITTAURGARH","Chittaurgarh","Rajasthan",24.92,74.76
"CHITTOOR","Chittoor","Andhra Pradesh",13.31,79.06
"CHM","Chm","Uttaranchal",30.4,79.33
"CHN","Chn","",9.95,76.27
"CHOTA-UDEPUR","Chota-Udepur","Gujarat",22.22,73.89
"CHP","Chp","Chhattisgarh",22.03,82.7
"CHT","Cht","Karnataka",14.23,76.43
"CHURACHANDPUR","Churachandpur","Manipur",24.28,93.43
"CHURU","Churu","Rajasthan",28.4,74.76
"CHW","Chw","Madhya Pradesh",22.1,79
"CKG","Ckg","Karnataka",13.25,75.75
"CLB","Clb","",18.9,72.82
"CMB","Cmb","Tamil Nadu",11,76.97
"CML","Cml","Rajasthan",24.92,75.58
"CNB","Cnb","Andaman and Nicobar",9.17,92.83
"CNG","Cng","West Bengal",22.25,88.67
"CNN","Cnn","",11.83,75.33
"CNR","Cnr","Tamil Nadu",11.35,76.8
"CNT","Cnt","West Bengal",21.78,87.75
"CNW","Cnw","Jammu and Kashmir",34.14,74.12
"COIMBATORE","Coimbatore","Tamil Nadu",10.95,76.98
"CPJ","Cpj","Meghalaya",25.25,91.73
"CPM","Cpm","Assam",26.2,92.52
"CPR","Cpr","Maharashtra",19.97,79.3
"CRU","Cru","Rajasthan",28.25,74.92
"CTG","Ctg","Rajasthan",24.88,74.63
"CTK","Ctk","Orissa",20.47,85.93
"CUDDALORE","Cuddalore","Tamil Nadu",11.52,79.45
"CUDDEPAH","Cuddepah","Andhra Pradesh",14.4,78.65
"CUTTACK","Cuttack","Orissa",20.5,85.84
"Chandkheda","Chandkheda","Gujarat",23.108,72.5746
"DAKSHAN-DINAJPUR","Dakshan-Dinajpur","West Bengal",25.38,88.6
"DAKSHINA-KANNAD","Dakshina-Kannad","Karnataka",13.07,75.17
"DAL","Dal","Himachal Pradesh",32.53,75.97
"DAMOH","Damoh","Madhya Pradesh",23.8,79.51
"DANGS","Dangs","Gujarat",20.82,73.71
"DANTEWADA","Dantewada","Chhattisgarh",18.77,81.44
"DARBHANGA","Darbhanga","Bihar",26.16,86.04
"DARJEELING","Darjeeling","West Bengal",26.85,88.25
"DARRANG","Darrang","Assam",26.44,92.07
"DATIA","Datia","Madhya Pradesh",25.92,78.53
"DAUSA","Dausa","Rajasthan",26.81,76.62
"DBG","Dbg","Bihar",26.17,85.9
"DBH","Dbh","Assam",27.48,95.02
"DDM","Ddm","West Bengal",22.65,88.45
"DDN","Ddn","Uttaranchal",30.32,78.03
"DEHRADUN","Dehradun","Uttaranchal",30.4,77.85
"DEMAJ","Demaj","Assam",27.54,94.7
"DEOGARH","Deogarh","Orissa",21.49,84.8
"DEOGHAR","Deoghar","Jharkhand",24.33,86.76
"DEORIA","Deoria","Uttar Pradesh",26.42,83.84
"DER","Der","Bihar",24.92,84.18
"DEVANGERE","Devangere","Karnataka",14.37,75.96
"DEVBHOOMI-DWARKA","Devbhoomi-Dwarka","Gujarat",22.14,69.44
"DEVPRAYAG","Devprayag","Uttaranchal",30.14,78.61
"DEWAS","Dewas","Madhya Pradesh",22.71,76.51
"DGB","Dgb","Assam",27.55,95.62
"DGH","Dgh","West Bengal",21.83,87.78
"DGR","Dgr","Rajasthan",23.83,73.67
"DHALAI","Dhalai","Tripura",23.83,91.96
"DHAMTARI","Dhamtari","Chhattisgarh",20.63,81.79
"DHANBAD","Dhanbad","Jharkhand",23.84,86.47
"DHAR","Dhar","Madhya Pradesh",22.58,75.09
"DHARMAPURI","Dharmapuri","Tamil Nadu",12.14,78.21
"DHARWAD","Dharwad","Karnataka",15.37,75.15
"DHAULPUR","Dhaulpur","Rajasthan",26.66,77.75
"DHB","Dhb","Assam",26.02,89.98
"DHD","Dhd","Gujarat",22.83,74.27
"DHENKANAL","Dhenkanal","Orissa",20.84,85.6
"DHN","Dhn","Maharashtra",19.97,72.72
"DHR","Dhr","Madhya Pradesh",22.6,75.3
"DHUBR","Dhubr","Assam",26.1,90
"DHULE","Dhule","Maharashtra",21.13,74.53
"DIBRUGARH","Dibrugarh","Assam",27.4,95.03
"DIMAPUR","Dimapur","Nagaland",25.81,93.77
"DINDIGUL","Dindigul","Tamil Nadu",10.43,77.8
"DINDORI","Dindori","Madhya Pradesh",23.05,80.9
"DIU","Diu","Daman and Diu",20.72,70.92
"DJL","Djl","West Bengal",27.05,88.27
"DLP","Dlp","Rajasthan",26.67,77.83
"DMD","Dmd","West Bengal",22.18,88.2
"DMH","Dmh","Madhya Pradesh",23.83,79.45
"DMK","Dmk","Jharkhand",24.27,87.25
"DMN","Dmn","Gujarat",20.42,72.85
"DNB","Dnb","Jharkhand",23.78,86.43
"DODA","Doda","Jammu and Kashmir",33.12,75.7
"DOHAD","Dohad","Gujarat",22.92,74.14
"DPR","Dpr","Tamil Nadu",12.13,78.03
"DRC","Drc","Uttaranchal",29.85,80.53
"DRG","Drg","Chhattisgarh",21.18,81.28
"DRM","Drm","Himachal Pradesh",32.21,76.32
"DRP","Drp","Himachal Pradesh",30.9,77.02
"DRS","Drs","Jammu and Kashmir",34.43,75.77
"DSA","Dsa","Gujarat",24.2,72.2
"DTA","Dta","Madhya Pradesh",25.67,78.47
"DTG","Dtg","Jharkhand",24.05,84.07
"DUMKA","Dumka","Jharkhand",24.31,87.29
"DUNGARPUR","Dungarpur","Rajasthan",23.67,73.87
"DURG","Durg","Chhattisgarh",21.2,81.38
"DVG","Dvg","",16.38,73.35
"DWK","Dwk","Gujarat",22.37,69.08
"Dhule","Dhule","Maharashtra",20.9042,74.7749
"E-JAINTIA","E-Jaintia","Meghalaya",25.25,92.5
"EAST","East","Sikkim",27.28,88.68
"EAST-DELHI","East-Delhi","Delhi",28.61,77.31
"EAST-GARO","East-Garo","Meghalaya",25.7,90.69
"EAST-GODAVARI","East-Godavari","Andhra Pradesh",17.5,82.09
"EAST-KAMENG","East-Kameng","Arunachal Pradesh",27.4,93.2
"EAST-KHASI","East-Khasi","Meghalaya",25.35,91.8
"EAST-SIANG","East-Siang","Arunachal Pradesh",27.95,95.26
"EAST-SINGBHUM","East-Singbhum","Jharkhand",22.61,86.48
"EDAKALINADU","Edakalinadu","Tamil Nadu",12.28,79.8
"ENNORE-PORT","Ennore-Port","",13.27,88.33
"ENP","Enp","Rajasthan",25.08,73.14
"ERNAKULAM","Ernakulam","Kerala",10.05,76.5
"ERODE","Erode","Tamil Nadu",11.49,77.38
"ETAH","Etah","Uttar Pradesh",27.55,78.73
"ETAWAH","Etawah","Uttar Pradesh",26.72,79.04
"ETW","Etw","Madhya Pradesh",26.45,79.02
"FAIZABAD","Faizabad","Uttar Pradesh",26.67,82.01
"FARIDABAD","Faridabad","Haryana",28.33,77.35
"FARIDKOT","Faridkot","Punjab",30.6,74.76
"FARRUKHABAD","Farrukhabad","Uttar Pradesh",27.33,79.63
"FATEHABAD","Fatehabad","Haryana",29.53,75.59
"FATEHGARH","Fatehgarh","Uttar Pradesh",27.45,79.5
"FATEHGARH-SAHIB","Fatehgarh-Sahib","Punjab",30.6,76.33
"FATEHPUR","Fatehpur","Uttar Pradesh",25.83,80.78
"FAZILIKA","Fazilika","Punjab",30.36,74.17
"FBG","Fbg","Bihar",26.3,87.27
"FEROZEPUR","Ferozepur","Punjab",30.9,74.8
"FIROZABAD","Firozabad","Uttar Pradesh",27.19,78.51
"FTP","Ftp","Uttar Pradesh",25.93,80.83
"FURSATGANJ","Fursatganj","Uttar Pradesh",26.25,81.3
"FZB","Fzb","Uttar Pradesh",26.75,82.08
"FZP","Fzp","Punjab",30.92,74.67
"GADAG","Gadag","Karnataka",15.41,75.66
"GADCHIROLI","Gadchiroli","Maharashtra",19.76,80.32
"GAJAPATI","Gajapati","Orissa",18.92,84.12
"GANDERBAL","Ganderbal","Jammu and Kashmir",34.31,75.19
"GANDHINAGAR","Gandhinagar","Gujarat",23.2,72.78
"GANGANAGAR","Ganganagar","Rajasthan",29.2,73.55
"GANGOTRI","Gangotri","Uttaranchal",30.99,78.93
"GANJAM","Ganjam","Orissa",19.63,84.65
"GARHWA","Garhwa","Jharkhand",24.05,83.7
"GARIYABAND","Gariyaband","Chhattisgarh",20.4,82.29
"GAUCHAR","Gauchar","Uttaranchal",30.28,79.15
"GAYA","Gaya","Bihar",24.67,84.85
"GDA","Gda","Uttar Pradesh",27.13,81.97
"GDG","Gdg","Karnataka",15.42,75.63
"GDN","Gdn","Gujarat",23.21,72.63
"GGN","Ggn","Rajasthan",29.92,73.92
"GHAT","Ghat","Uttaranchal",30.61,79.56
"GHAZIABAD","Ghaziabad","Delhi",28.7,77.2
"GHAZIPUR","Ghazipur","Uttar Pradesh",25.6,83.51
"GHT","Ght","Assam",26.1,91.58
"GILGIT","Gilgit","",36.45,74.75
"GILGIT-WAZARAD","Gilgit-Wazarad","",35.05,74.85
"GIR-SOMNATH","Gir-Somnath","Daman and Diu",20.94,70.8
"GIRIDIH","Giridih","Jharkhand",24.33,86.12
"GLB","Glb","Karnataka",17.35,76.85
"GLM","Glm","Jammu and Kashmir",34.05,74.4
"GLP","Glp","Assam",26.18,90.63
"GLT","Glt","Assam",26.52,93.98
"GNA","Gna","Madhya Pradesh",24.65,77.32
"GND","Gnd","Maharashtra",21.47,80.2
"GOA","Goa","Goa",15.38,73.82
"GOALPARA","Goalpara","Assam",26.06,90.61
"GODDA","Godda","Jharkhand",24.86,87.29
"GOLAGHAT","Golaghat","Assam",26.66,93.74
"GOMATI","Gomati","Tripura",23.51,91.62
"GONDA","Gonda","Uttar Pradesh",27.11,82.07
"GONDIA","Gondia","Maharashtra",21.34,80.24
"GOPALGANJ","Gopalganj","Bihar",26.42,84.41
"GORAKHPUR","Gorakhpur","Uttar Pradesh",26.68,83.5
"GPL","Gpl","Orissa",19.27,84.88
"GPR","Gpr","Assam",26.83,93.58
"GRG","Grg","Haryana",28.42,77
"GRK","Grk","Uttar Pradesh",26.75,83.37
"GTK","Gtk","Sikkim",27.33,88.62
"GULBARGA","Gulbarga","Karnataka",17.24,76.88
"GUMLA","Gumla","Jharkhand",23.16,84.53
"GUNA","Guna","Madhya Pradesh",24.5,77.27
"GUND","Gund","Jammu and Kashmir",34.11,75.05
"GUNTUR","Guntur","Andhra Pradesh",16.28,80.06
"GURDASPUR","Gurdaspur","Punjab",31.88,75.32
"GURGAON","Gurgaon","Haryana",28.37,76.95
"GURUVAYUR","Guruvayur","Kerala",10.59,76.04
"GWALIOR","Gwalior","Madhya Pradesh",25.95,78.29
"GWL","Gwl","Madhya Pradesh",26.23,78.25
"GYA","Gya","Bihar",24.75,84.95
"GZB","Gzb","Uttar Pradesh",28.69,77.41
"GZP","Gzp","Uttar Pradesh",25.4,83.55
"HAILAKANDI","Hailakandi","Assam",24.45,92.83
"HAMIRPUR","Hamirpur","Himachal Pradesh",31.66,76.51
"HANUMANGARH","Hanumangarh","Rajasthan",29.07,74.67
"HARDA","Harda","Madhya Pradesh",22.24,77.14
"HARDOI","Hardoi","Uttar Pradesh",27.23,80.26
"HARIDWAR","Haridwar","Uttaranchal",29.9,78.02
"HARSIL","Harsil","Uttaranchal",31.03,78.73
"HASSAN","Hassan","Karnataka",13.03,76.1
"HATHRAS","Hathras","Uttar Pradesh",27.45,78.15
"HAVERI","Haveri","Karnataka",14.72,75.42
"HAZARIBAGH","Hazaribagh","Jharkhand",24.01,85.47
"HFL","Hfl","Assam",25.17,93.02
"HINGOLE","Hingole","Maharashtra",19.55,77.2
"HISAR","Hisar","Haryana",29.15,75.72
"HISSAR","Hissar","Haryana",29.24,75.79
"HMP","Hmp","Uttar Pradesh",25.95,80.15
"HNK","Hnk","Andhra Pradesh",18.02,79.57
"HNV","Hnv","Karnataka",14.28,74.45
"HOJAI","Hojai","Assam",25.96,92.97
"HOSHANGABAD","Hoshangabad","Madhya Pradesh",22.6,77.96
"HOSHIARPUR","Hoshiarpur","Punjab",31.6,75.85
"HRD","Hrd","Uttar Pradesh",27.38,80.17
"HRN","Hrn","Maharashtra",17.82,73.1
"HSB","Hsb","Madhya Pradesh",22.77,77.77
"HSN","Hsn","Karnataka",13,76.15
"HSR","Hsr","Haryana",29.17,75.73
"HTB","Htb","Andaman and Nicobar",10.58,92.55
"HUBBLI","Hubbli","Karnataka",15.36,75.12
"HYD","Hyd","Andhra Pradesh",17.45,78.47
"HYDERABAD","Hyderabad","Andhra Pradesh",17.4,78.47
"HZB","Hzb","Jharkhand",23.98,85.37
"Hingoli","Hingoli","Maharashtra",19.7174,77.1494
"IDR","Idr","Gujarat",23.83,73.03
"IDUKKI","Idukki","Kerala",9.82,77.02
"IIPHG","Iiphg","Gujarat",23.2436,72.6899
"IMP","Imp","Manipur",24.67,93.9
"IMPHAL","Imphal","Manipur",24.81,94.02
"IND","Ind","Madhya Pradesh",22.72,75.8
"INDORE","Indore","Madhya Pradesh",22.75,75.83
"ISRO-Bopal","ISRO-Bopal","Gujarat",23.0411,72.4567
"ISRO-SAC","Isro-Sac","Gujarat",23.0234,72.5152
"JABALPUR","Jabalpur","Madhya Pradesh",23.22,79.96
"JAGATSINGPUR","Jagatsingpur","Orissa",20.29,86.4
"JAGTIYAL","Jagtiyal","Andhra Pradesh",18.82,78.91
"JAHANABAD","Jahanabad","Bihar",25.15,85.04
"JAINTIA","Jaintia","Meghalaya",25.6,92.32
"JAIPUR","Jaipur","Rajasthan",27.15,75.6
"JAISLAMER","Jaislamer","Rajasthan",27.03,70.91
"JAJPUR","Jajpur","Orissa",20.8,86.25
"JALANDHAR","Jalandhar","Punjab",31.15,75.51
"JALAUN","Jalaun","Uttar Pradesh",26.1,79.44
"JALGAON","Jalgaon","Maharashtra",20.84,75.58
"JALNA","Jalna","Maharashtra",19.97,76.06
"JALORE","Jalore","Rajasthan",25.01,72.15
"JALPAIGURI","Jalpaiguri","West Bengal",26.75,88.85
"JAMMU","Jammu","Jammu and Kashmir",32.85,74.7
"JAMNAGAR","Jamnagar","Gujarat",22.33,70.1
"JAMTARA","Jamtara","Jharkhand",23.99,86.89
"JAMUI","Jamui","Bihar",24.76,86.23
"JANAKPUR","Janakpur","",26.72,85.94
"JANGOAN","Jangoan","Andhra Pradesh",17.73,79.21
"JANJGIR","Janjgir","Chhattisgarh",21.97,82.82
"JASHPUR","Jashpur","Chhattisgarh",22.77,83.9
"JAUNPUR","Jaunpur","Uttar Pradesh",25.8,82.6
"JAYASHANKAR","Jayashankar","Andhra Pradesh",18.44,80.18
"JBP","Jbp","Madhya Pradesh",23.2,79.95
"JDP","Jdp","Rajasthan",26.3,73.02
"JGD","Jgd","Chhattisgarh",19.08,82.03
"JHABUA","Jhabua","Madhya Pradesh",22.81,74.59
"JHAJJAR","Jhajjar","Haryana",28.61,76.62
"JHALAWAR","Jhalawar","Rajasthan",24.4,76.28
"JHANSI","Jhansi","Uttar Pradesh",25.63,79.16
"JHARSUGUDA","Jharsuguda","Orissa",21.75,84
"JHS","Jhs","Uttar Pradesh",25.45,78.58
"JHT","Jht","Uttaranchal",30.55,79.57
"JHUNJHUNU","Jhunjhunu","Rajasthan",28.08,75.57
"JIND","Jind","Haryana",29.45,76.35
"JIRIBHAM","Jiribham","Manipur",24.71,93.1
"JLD","Jld","Punjab",31.47,75.58
"JLG","Jlg","Maharashtra",21.05,75.57
"JLR","Jlr","Rajasthan",25.35,72.62
"JLW","Jlw","Rajasthan",24.53,76.17
"JMI","Jmi","Bihar",24.93,86.3
"JMR","Jmr","Gujarat",22.45,70.08
"JMU","Jmu","Jammu and Kashmir",32.67,74.83
"JNP","Jnp","Uttar Pradesh",25.75,82.68
"JODHPUR","Jodhpur","Rajasthan",26.74,72.83
"JOGULAMBHA","Jogulambha","Andhra Pradesh",16.05,77.79
"JOMSOM","Jomsom","",28.77,83.77
"JORHAT","Jorhat","Assam",26.76,94.21
"JOSHIMATH","Joshimath","Uttaranchal",30.41,79.3
"JPG","Jpg","West Bengal",26.53,88.72
"JPN","Jpn","Chhattisgarh",22.88,84.13
"JPR","Jpr","Rajasthan",26.82,75.8
"JRG","Jrg","Orissa",21.92,84.08
"JSD","Jsd","Jharkhand",22.82,86.18
"JSM","Jsm","Rajasthan",26.9,70.92
"JUNAGADH","Junagadh","Gujarat",21.4,70.48
"JUR","Jur","Maharashtra",18.2,75.2
"JYOTIBA","Jyotiba","Uttar Pradesh",28.84,78.35
"Jalna","Jalna","Maharashtra",19.8347,75.8816
"KABIR","Kabir","Uttar Pradesh",26.96,83.14
"KABIRDHAM","Kabirdham","Chhattisgarh",22.11,81.19
"KADMAT","Kadmat","",11.22,72.77
"KAKCHING","Kakching","Manipur",24.38,93.99
"KALAHANDI","Kalahandi","Orissa",19.82,83.16
"KALPENI","Kalpeni","",10.06,73.64
"KAMAREDDY","Kamareddy","Andhra Pradesh",18.32,78.04
"KAMJONG","Kamjong","Manipur",24.7,94.42
"KAMRUP","Kamrup","Assam",26.12,91.34
"KAMRUP-METRO","Kamrup-Metro","Assam",26.1,91.95
"KAN","Kan","Madhya Pradesh",22.67,76.37
"KANCHIPURAM","Kanchipuram","Tamil Nadu",12.68,79.98
"KANGPOKRI","Kangpokri","Manipur",25.1,94.06
"KANGRA","Kangra","Himachal Pradesh",32.08,76.33
"KANKER","Kanker","Chhattisgarh",20.12,81.11
"KANNAUJ","Kannauj","Uttar Pradesh",27,79.67
"KANNUR","Kannur","Kerala",11.99,75.56
"KANPUR-CITY","Kanpur-City","Uttar Pradesh",26.25,80.46
"KANPUR-DEHAT","Kanpur-Dehat","Uttar Pradesh",26.4,79.98
"KANSHIRAM","Kanshiram","Uttar Pradesh",27.8,78.84
"KANYAKUMARI","Kanyakumari","Tamil Nadu",8.33,77.4
"KAPURTHALA","Kapurthala","Punjab",31.35,75.33
"KARAIKAL","Karaikal","",10.91,79.89
"KARAULI","Karauli","Rajasthan",26.31,76.99
"KARBI-ANGLONG","Karbi-Anglong","Assam",26.25,93.35
"KARGIL","Kargil","Jammu and Kashmir",33.88,76.44
"KARIMGANJ","Karimganj","Assam",24.58,92.4
"KARIMNAGAR","Karimnagar","Andhra Pradesh",18.4,79.26
"KARITHAL","Karithal","Haryana",29.85,76.35
"KARNAL","Karnal","Haryana",29.69,76.83
"KARUR","Karur","Tamil Nadu",10.9,78
"KASARAGOD","Kasaragod","Kerala",12.43,75.15
"KATHMANDU","Kathmandu","",27.72,85.33
"KATHUA","Kathua","Jammu and Kashmir",32.56,75.67
"KATIHAR","Katihar","Bihar",25.54,87.65
"KATNI","Katni","Madhya Pradesh",23.72,80.39
"KAUSHAMBHI","Kaushambhi","Uttar Pradesh",25.53,81.69
"KAVARATTI","Kavaratti","",10.559,72.636
"KDA","Kda","Gujarat",23.11,70.1
"KDK","Kdk","Tamil Nadu",10.23,77.47
"KEDARNATH","Kedarnath","Uttaranchal",30.73,79.06
"KENDRAPARA","Kendrapara","Orissa",20.55,86.68
"KENDUJHARGARH","Kendujhargarh","Orissa",21.58,85.79
"KGF","Kgf","Karnataka",12.95,78.3
"KGN","Kgn","Madhya Pradesh",21.82,75.62
"KHAGARIA","Khagaria","Bihar",25.49,86.57
"KHAMMAM","Khammam","Andhra Pradesh",17.17,80.37
"KHANDWA","Khandwa","Madhya Pradesh",21.98,76.62
"KHARGAON","Khargaon","Madhya Pradesh",21.96,75.72
"KHD","Khd","Gujarat",21.32,70.32
"KHEDA","Kheda","Gujarat",22.9,73.04
"KHJ","Khj","Madhya Pradesh",24.83,79.91
"KHM","Khm","Nagaland",25.63,94.17
"KHN","Khn","Maharashtra",18.77,73.37
"KHORDHA","Khordha","Orissa",20.26,85.71
"KHOWAI","Khowai","Tripura",23.95,91.64
"KHUNTI","Khunti","Jharkhand",22.92,85.28
"KILTAN","Kiltan","",11.48,73
"KINNAUR","Kinnaur","Himachal Pradesh",31.6,78.38
"KIPHIRE","Kiphire","Nagaland",25.82,94.82
"KISHANGANJ","Kishanganj","Bihar",26.24,87.96
"KISHANGARH","Kishangarh","Rajasthan",26.58,74.81
"KISTWAR","Kistwar","Jammu and Kashmir",33.4,76.14
"KKC","Kkc","Tamil Nadu",11.73,78.97
"KKD","Kkd","Tamil Nadu",10.07,78.8
"KLA","Kla","Gujarat",23,70.22
"KLG","Klg","Himachal Pradesh",32.58,77.07
"KLN","Kln","Andhra Pradesh",18.33,84.13
"KLP","Klp","Maharashtra",16.7,74.23
"KMM","Kmm","Andhra Pradesh",17.25,80.15
"KMP","Kmp","West Bengal",27.07,88.47
"KND","Knd","Andhra Pradesh",16.95,82.23
"KNJ","Knj","Orissa",21.62,85.52
"KNK","Knk","Chhattisgarh",20.27,81.48
"KNL","Knl","Haryana",29.7,77.03
"KNP","Knp","Uttar Pradesh",26.4,80.4
"KOCH-BEHAR","Koch-Behar","West Bengal",26.34,89.46
"KODAGU","Kodagu","Karnataka",12.38,75.78
"KODERMA","Koderma","Jharkhand",24.46,85.5
"KOHIMA","Kohima","Nagaland",25.77,94.14
"KOKRAJHAR","Kokrajhar","Assam",26.51,90.13
"KOLAR","Kolar","Karnataka",13.15,78.21
"KOLASIB","Kolasib","Mizoram",24.24,92.71
"KOLHAPUR","Kolhapur","Maharashtra",16.46,74.19
"KOLLAM","Kollam","Kerala",8.97,76.88
"KON","Kon","",7.22,93.73
"KONDAGAON","Kondagaon","Chhattisgarh",19.97,81.68
"KOPPAL","Koppal","Karnataka",15.58,76.29
"KOR","Kor","Orissa",18.82,82.72
"KORAPUT","Koraput","Orissa",18.88,82.75
"KORBA","Korba","Chhattisgarh",22.52,82.63
"KORIYA-BAIKUNTHP","Koriya-Baikunthp","Chhattisgarh",23.63,82.17
"KOTA","Kota","Rajasthan",25,76.1
"KOTTAYAM","Kottayam","Kerala",9.63,76.68
"KOV","Kov","",8.4,76.97
"KOVALAM","Kovalam","Tamil Nadu",12.78,80.25
"KOZHIKODE","Kozhikode","Kerala",11.46,75.84
"KPR","Kpr","Kerala",11.13,75.95
"KPT","Kpt","Punjab",31.33,75.33
"KRA-DAADI","Kra-Daadi","Arunachal Pradesh",28.21,93.43
"KRG","Krg","West Bengal",23.4,88.52
"KRI","Kri","Uttar Pradesh",27.9,80.8
"KRISHNA","Krishna","Andhra Pradesh",16.5,80.95
"KRISHNAGIRI","Krishnagiri","Tamil Nadu",12.65,78
"KRL","Krl","Puducherry",10.92,79.83
"KRN","Krn","Andhra Pradesh",15.8,78.07
"KSH","Ksh","Tripura",24.32,92
"KTA","Kta","Rajasthan",25.15,75.85
"KTG","Ktg","Andhra Pradesh",17.55,80.63
"KTH","Kth","Jammu and Kashmir",32.33,75.5
"KTM","Ktm","Kerala",9.58,76.52
"KUD","Kud","Tamil Nadu",10.4,78.67
"KULGAM","Kulgam","Jammu and Kashmir",33.55,74.84
"KULU","Kulu","Himachal Pradesh",31.88,77.4
"KUMURAM-BHEEM","Kumuram-Bheem","Andhra Pradesh",19.34,79.39
"KUPWARA","Kupwara","Jammu and Kashmir",34.45,74.76
"KURNOOL","Kurnool","Andhra Pradesh",15.53,77.95
"KURUKSHETRA","Kurukshetra","Haryana",30.06,76.77
"KURUNG-KUMEY","Kurung-Kumey","Arunachal Pradesh",27.97,93.25
"KUSHINAGAR","Kushinagar","Uttar Pradesh",26.92,83.97
"KUTCH","Kutch","Gujarat",23.71,69.96
"KVL","Kvl","Andhra Pradesh",14.9,79.98
"KWD","Kwd","Madhya Pradesh",21.83,76.37
"KWR","Kwr","",14.78,74.13
"KYK","Kyk","",8.08,77.5
"KZK","Kzk","Kerala",11.25,75.78
"LADAKH","Ladakh","Jammu and Kashmir",34.17,78.35
"LAHAUL-SPITI","Lahaul-Spiti","Himachal Pradesh",32.5,77.52
"LAKHIMPUR","Lakhimpur","Uttar Pradesh",28.15,80.65
"LAKSHADWEEP","Lakshadweep","",10.54,72.62
"LALITPUR","Lalitpur","Uttar Pradesh",24.7,78.58
"LATEHAR","Latehar","Jharkhand",23.68,84.47
"LATUR","Latur","Maharashtra",18.35,76.75
"LAWNGTLAI","Lawngtlai","Mizoram",22.37,92.74
"LDN","Ldn","Punjab",30.87,75.93
"LEH-LADAKH","Leh-Ladakh","Jammu and Kashmir",34.15,77.57
"LGI","Lgi","",12.42,92.93
"LKN","Lkn","Uttar Pradesh",26.87,80.93
"LKR","Lkr","Assam",27.23,94.12
"LMD","Lmd","Assam",25.75,93.18
"LOHARDAGA","Lohardaga","Jharkhand",23.48,84.68
"LOHIT","Lohit","Arunachal Pradesh",27.96,96.23
"LONGDING","Longding","Arunachal Pradesh",26.78,95.35
"LONGLENG","Longleng","Nagaland",26.58,94.79
"LOWER-DIBANG-VALLEY","Lower-Dibang-Valley","Arunachal Pradesh",28.4,95.88
"LOWER-SUBANSIRI","Lower-Subansiri","Arunachal Pradesh",27.55,93.94
"LUCKEESARAI","Luckeesarai","Bihar",25.15,86.15
"LUCKNOW","Lucknow","Uttar Pradesh",26.83,80.89
"LUDHIANA","Ludhiana","Punjab",30.79,75.87
"LUDHIYANA","Ludhiyana","Punjab",30.85,75.95
"LUNGLEI","Lunglei","Mizoram",22.95,92.76
"MAB","Mab","Rajasthan",24.6,72.72
"MADHEPURA","Madhepura","Bihar",25.78,86.87
"MADHUBANI","Madhubani","Bihar",26.35,86.24
"MADURAI","Madurai","Tamil Nadu",9.9,77.95
"MAHABALIPURAM","Mahabalipuram","Tamil Nadu",12.62,80.19
"MAHABUBABAD","Mahabubabad","Andhra Pradesh",17.72,79.92
"MAHARAJGANJ","Maharajganj","Uttar Pradesh",27.18,83.53
"MAHASAMUND","Mahasamund","Chhattisgarh",21.18,82.34
"MAHBUBNAGAR","Mahbubnagar","Andhra Pradesh",16.7,77.81
"MAHE","Mahe","Kerala",11.73,75.53
"MAHENDRAGARH","Mahendragarh","Haryana",28.13,76.14
"MAHISAGAR","Mahisagar","Gujarat",23.19,73.63
"MAHOBA","Mahoba","Uttar Pradesh",25.33,79.71
"MAINPURI","Mainpuri","Uttar Pradesh",27.1,79
"MAJULI","Majuli","Assam",26.98,94.21
"MALAPPURAM","Malappuram","Kerala",11.11,76.19
"MALDAH","Maldah","West Bengal",25.1,88.2
"MALKANGIRI","Malkangiri","Orissa",18.2,81.92
"MAMIT","Mamit","Mizoram",23.76,92.47
"MANCHERIAL","Mancherial","Andhra Pradesh",18.98,79.42
"MANDI","Mandi","Himachal Pradesh",31.65,77.01
"MANDLA","Mandla","Madhya Pradesh",22.69,80.57
"MANDSAUR","Mandsaur","Madhya Pradesh",24.16,75.4
"MANDYA","Mandya","Karnataka",12.64,76.83
"MANSA","Mansa","Punjab",29.88,75.47
"MARIGAON","Marigaon","Assam",26.29,92.26
"MAT","Mat","Maharashtra",18.98,73.28
"MATHAVARAM","Mathavaram","Tamil Nadu",13.14,80.22
"MATHURA","Mathura","Uttar Pradesh",27.59,77.61
"MAUNATH","Maunath","Uttar Pradesh",26.1,83.55
"MAYURBHANJ","Mayurbhanj","Orissa",21.92,86.42
"MBN","Mbn","Andhra Pradesh",16.75,78
"MDI","Mdi","Himachal Pradesh",31.72,76.97
"MDK","Mdk","Andhra Pradesh",18.05,78.27
"MDP","Mdp","West Bengal",22.42,87.32
"MDR","Mdr","Tamil Nadu",9.92,78.12
"MDS","Mds","Tamil Nadu",12.98,80.17
"MDV","Mdv","",22.82,69.27
"MDY","Mdy","Karnataka",12.5,76.83
"MEDAK","Medak","Andhra Pradesh",17.97,78.19
"MEDCHAL","Medchal","Andhra Pradesh",17.53,78.56
"MEERUT","Meerut","Uttar Pradesh",28.95,77.79
"MEHSANA","Mehsana","Gujarat",23.57,72.4
"MEWAT","Mewat","Haryana",27.99,77.1
"MHV","Mhv","Gujarat",21.08,71.78
"MINJUR","Minjur","Tamil Nadu",13.26,80.25
"MIRZAPUR","Mirzapur","Uttar Pradesh",24.94,82.63
"MJB","Mjb","Assam",26.79,92.29
"MJK","Mjk","Madhya Pradesh",22,80.7
"MKS","Mks","Uttaranchal",29.47,79.65
"MLD","Mld","West Bengal",25.03,88.13
"MLG","Mlg","Maharashtra",20.55,74.53
"MLI","Mli","Himachal Pradesh",32.27,77.17
"MMG","Mmg","",15.39,73.81
"MNC","Mnc","",8.3,73.04
"MND","Mnd","Madhya Pradesh",22.58,80.37
"MNG","Mng","Karnataka",12.92,74.88
"MOGA","Moga","Punjab",30.8,75.16
"MOHALI","Mohali","Punjab",30.75,76.65
"MOKAKCHUNG","Mokakchung","Nagaland",26.48,94.53
"MON","Mon","Nagaland",26.74,95.01
"MORADABAD","Moradabad","Uttar Pradesh",28.98,78.8
"MORBI","Morbi","Gujarat",22.76,70.84
"MORENA","Morena","Madhya Pradesh",26.39,77.83
"MPR","Mpr","Uttar Pradesh",27.23,79.05
"MPT","Mpt","Andhra Pradesh",16.2,81.15
"MRD","Mrd","Uttar Pradesh",28.83,78.75
"MRI","Mri","Karnataka",12.42,75.73
"MRT","Mrt","Uttar Pradesh",29.02,77.63
"MSR","Msr","Uttaranchal",30.45,78.08
"MTH","Mth","Bihar",26.67,84.92
"MTR","Mtr","Uttar Pradesh",27.5,77.68
"MUKTINATH","Muktinath","",28.8,83.85
"MUKTSAR","Muktsar","Punjab",30.28,74.54
"MUMBAI","Mumbai","Maharashtra",18.95,72.83
"MUN","Mun","Uttaranchal",30.12,80.25
"MUNGELI","Mungeli","Chhattisgarh",22.15,81.73
"MUNGER","Munger","Bihar",25.23,86.52
"MURSHIDABAD","Murshidabad","West Bengal",24.29,88.28
"MUSSOORIE","Mussoorie","Uttaranchal",30.47,78.05
"MUZAFFARABAD","Muzaffarabad","Jammu and Kashmir",34.55,74.15
"MUZAFFARNAGAR","Muzaffarnagar","Uttar Pradesh",29.34,77.42
"MUZAFFARPUR","Muzaffarpur","Bihar",26.15,85.32
"MWR","Mwr","Maharashtra",17.93,73.67
"MYB","Myb","",12.92,92.92
"MYS","Mys","Karnataka",12.3,76.7
"MYSORE","Mysore","Karnataka",12.2,76.52
"MZF","Mzf","Bihar",26.12,85.4
"Masaurhi_bihar","Masaurhi_bihar","Bihar",25.558,84.9077
"N-EAST-DELHI","N-East-Delhi","Delhi",28.71,77.29
"N-WEST-DELHI","N-West-Delhi","Delhi",28.7,77.07
"NABARANGPUR","Nabarangpur","Orissa",19.61,82.42
"NAGAON","Nagaon","Assam",26.4,92.77
"NAGAPATTINAM","Nagapattinam","Tamil Nadu",11.1,79.77
"NAGARKURNOOL","Nagarkurnool","Andhra Pradesh",16.42,78.67
"NAGAUR","Nagaur","Rajasthan",27.06,74.24
"NAGPUR","Nagpur","Maharashtra",21.15,78.96
"NAINBAGH","Nainbagh","Uttaranchal",30.57,78.01
"NAINITAL","Nainital","Uttaranchal",29.3,79.41
"NALANDA","Nalanda","Bihar",25.22,85.55
"NALBARI","Nalbari","Assam",26.36,91.4
"NALGONDA","Nalgonda","Andhra Pradesh",16.86,79.16
"NAMAKKAL","Namakkal","Tamil Nadu",11.3,78.1
"NAMSAI","Namsai","Arunachal Pradesh",27.67,95.95
"NANDED","Nanded","Maharashtra",19.1,77.65
"NANDURBAR","Nandurbar","Maharashtra",21.65,74.25
"NAR","Nar","Madhya Pradesh",22.95,79.18
"NARAYANPUR","Narayanpur","Chhattisgarh",19.56,81.09
"NARMADA","Narmada","Gujarat",21.84,73.65
"NARSINGPUR","Narsingpur","Madhya Pradesh",22.94,79.04
"NAS","Nas","Maharashtra",20,73.78
"NASIK","Nasik","Maharashtra",20.23,74.1
"NAVSARI","Navsari","Gujarat",20.8,73.1
"NAWADA","Nawada","Bihar",24.82,85.66
"NAWANSHAHR","Nawanshahr","Punjab",31.08,76.15
"NAYAGARH","Nayagarh","Orissa",20.34,84.97
"NCW","Ncw","Andaman and Nicobar",7.98,93.53
"NDB","Ndb","Maharashtra",21.33,74.25
"NDG","Ndg","Andhra Pradesh",16.78,80.28
"NDL","Ndl","Andhra Pradesh",15.47,78.48
"NDV","Ndv","Andhra Pradesh",16.9,81.66
"NEEMUCH","Neemuch","Madhya Pradesh",24.55,75.16
"NELLORE","Nellore","Andhra Pradesh",14.3,79.8
"NEW-DELHI","New-Delhi","Delhi",28.56,77.15
"NGB","Ngb","Tamil Nadu",13.07,80.25
"NGP","Ngp","Maharashtra",21.15,79.12
"NGR","Ngr","Rajasthan",27.17,73.67
"NICOBAR","Nicobar","",8.01,93.33
"NILGIRIS","Nilgiris","Tamil Nadu",11.45,76.62
"NIRMAL","Nirmal","Andhra Pradesh",19.09,78.35
"NIZAMABAD","Nizamabad","Andhra Pradesh",18.73,78.18
"NJB","Njb","Uttar Pradesh",29.62,78.38
"NLA","Nla","Gujarat",23.25,68.85
"NLAKHIMPUR","Nlakhimpur","Assam",27.17,94.14
"NLG","Nlg","Andhra Pradesh",17,79.25
"NLM","Nlm","Kerala",11.28,76.23
"NLR","Nlr","Andhra Pradesh",14.45,79.98
"NMC","Nmc","Madhya Pradesh",24.47,74.9
"NND","Nnd","Maharashtra",19.08,77.33
"NOIDA","Noida","Uttar Pradesh",28.5,77.46
"NONEY","Noney","Manipur",24.68,93.42
"NORTH-DELHI","North-Delhi","Delhi",28.78,77.1
"NORTH-DINAJPUR","North-Dinajpur","",25.87,88.17
"NORTH-DISTRICT","North-District","Sikkim",27.75,88.51
"NORTH-GARO","North-Garo","Meghalaya",25.88,90.68
"NORTH-GOA","North-Goa","Goa",15.53,73.98
"NORTH-MIDDLE","North-Middle","",12.87,93.46
"NORTH-TRIPURA","North-Tripura","Tripura",23.96,92.22
"NPT","Npt","Tamil Nadu",10.77,79.85
"NRN","Nrn","Haryana",28,76.08
"NSK","Nsk","Maharashtra",20.13,73.92
"NSP","Nsp","Andhra Pradesh",16.43,81.7
"NTL","Ntl","Uttaranchal",29.4,79.47
"NTW","Ntw","Uttar Pradesh",27.43,83.42
"NUAPARHE","Nuaparhe","Orissa",20.54,82.6
"NWG","Nwg","Madhya Pradesh",25.07,79.45
"NZB","Nzb","Andhra Pradesh",18.67,78.1
"OKH","Okh","",22.48,69.12
"ONG","Ong","Andhra Pradesh",15.5,80.08
"ORI","Ori","Uttar Pradesh",25.98,79.5
"ORISSA","Orissa","Orissa",20.5,86.7
"OSMANABAD","Osmanabad","Maharashtra",18.5,75.8
"Osmanabad","Osmanabad","Maharashtra",18.207,76.1784
"PAKAUR","Pakaur","Jharkhand",24.53,87.65
"PALAKKAD","Palakkad","Kerala",10.85,76.57
"PALAM","Palam","Delhi",28.55,77.1
"PALAMAU","Palamau","Jharkhand",24.22,84.2
"PALGHAR","Palghar","Maharashtra",19.76,73.07
"PALI","Pali","Rajasthan",25.61,73.59
"PALLIKARANAI","Pallikaranai","Tamil Nadu",12.92,80.2
"PALWAL","Palwal","Haryana",28.06,77.31
"PANCHKULA","Panchkula","Haryana",30.65,77.05
"PANCHMAHAL","Panchmahal","Gujarat",22.87,73.68
"PANCHSHEEL","Panchsheel","Uttar Pradesh",28.77,77.78
"PANIPAT","Panipat","Haryana",29.33,76.9
"PANNA","Panna","Madhya Pradesh",24.47,80.21
"PANTNAGAR","Pantnagar","Uttaranchal",29.03,79.46
"PAPUMPARA","Papumpara","Arunachal Pradesh",27.2,93.61
"PARBHANI","Parbhani","Maharashtra",19.31,76.67
"PARO","Paro","",27.41,89.41
"PASHCHIM-CHAMPARAN","Pashchim-Champaran","Bihar",27.05,84.29
"PATAN","Patan","Gujarat",23.77,71.76
"PATHANKOT","Pathankot","Punjab",32.25,75.52
"PATIALA","Patiala","Punjab",30.34,76.37
"PATNA","Patna","Bihar",25.47,85.38
"PATTANAMTHITTA","Pattanamthitta","Kerala",9.28,76.98
"PAURI","Pauri","Uttaranchal",29.75,78.75
"PBD","Pbd","Gujarat",21.65,69.67
"PBL","Pbl","",11.67,92.72
"PBN","Pbn","Tamil Nadu",9.27,79.3
"PBT","Pbt","Uttar Pradesh",28.63,79.8
"PCH","Pch","Jammu and Kashmir",34.18,75.51
"PCM","Pcm","Madhya Pradesh",22.47,78.43
"PDC","Pdc","Puducherry",11.92,79.83
"PDS","Pds","Maharashtra",19.75,78.03
"PEDDAPALLI","Peddapalli","Andhra Pradesh",18.62,79.47
"PERAMBALUR","Perambalur","Tamil Nadu",11.28,78.9
"PEREN","Peren","Nagaland",25.45,93.64
"PERUNGALATHUR","Perungalathur","Tamil Nadu",12.9,80.08
"PHEK","Phek","Nagaland",25.7,94.38
"PHERZAWL","Pherzawl","Manipur",24.37,93.11
"PHL","Phl","Jammu and Kashmir",34.02,75.02
"PHULBANI","Phulbani","Orissa",20.15,84.05
"PIL","Pil","Rajasthan",28.33,75.58
"PILLIBHIT","Pillibhit","Uttar Pradesh",28.51,80.02
"PITHORAGARH","Pithoragarh","Uttaranchal",30.12,80.43
"PJM","Pjm","Goa",15.48,73.82
"PKD","Pkd","Kerala",10.77,76.65
"PLD","Pld","Rajasthan",27.13,72.37
"PLM","Plm","Delhi",28.57,77.1
"PLN","Pln","Orissa",20.48,84.27
"PMY","Pmy","Tamil Nadu",10.95,78.08
"PNA","Pna","Madhya Pradesh",24.72,80.17
"PNB","Pnb","Karnataka",12.95,74.83
"PND","Pnd","Chhattisgarh",22.77,81.9
"PNE","Pne","Maharashtra",18.53,73.85
"PNG","Png","West Bengal",23.47,87.43
"PNL","Pnl","Kerala",9,76.92
"PNR","Pnr","Uttaranchal",29.03,79.47
"POKHRA","Pokhra","",28.23,83.99
"POONAMALLE","Poonamalle","Tamil Nadu",13.04,80.09
"POONCH","Poonch","Jammu and Kashmir",33.69,74.22
"PORBANDAR","Porbandar","Gujarat",21.75,69.76
"PORUR","Porur","Tamil Nadu",13.03,80.15
"PRAKASAM","Prakasam","Andhra Pradesh",15.64,79.61
"PRATAPGARH","Pratapgarh","Rajasthan",24.02,74.65
"PRAYAGRAJ","Prayagraj","Uttar Pradesh",25.28,81.93
"PRB","Prb","Maharashtra",19.27,76.77
"PRD","Prd","Orissa",20.3,86.68
"PRI","Pri","Orissa",19.8,85.82
"PRL","Prl","West Bengal",23.33,86.42
"PRN","Prn","Bihar",25.27,87.47
"PSD","Psd","Maharashtra",19.92,77.58
"PSG","Psg","Arunachal Pradesh",28.1,95.38
"PTG","Ptg","Uttar Pradesh",25.9,81.95
"PTL","Ptl","Punjab",30.33,76.47
"PTN","Ptn","Bihar",25.6,85.1
"PUDUCHCHERI","Puduchcheri","Puducherry",11.91,79.74
"PUDUKOTTAI","Pudukottai","Tamil Nadu",10.29,78.85
"PULWAMA","Pulwama","Jammu and Kashmir",33.93,75.18
"PUNE","Pune","Maharashtra",18.64,74.24
"PUR","Pur","Uttaranchal",30.15,78.78
"PURBI-CHAMPARAN","Purbi-Champaran","Bihar",26.64,84.9
"PURI","Puri","Orissa",19.95,85.76
"PURNIA","Purnia","Bihar",25.78,87.43
"Palghar","Palghar","Maharashtra",19.6967,72.7699
"Panvel","Panvel","Maharashtra",18.9894,73.1175
"Pirana","Pirana","Gujarat",22.9771,72.553
"Punpun_bihar","Punpun_bihar","Bihar",25.093,85.1147
"QZD","Qzd","Jammu and Kashmir",33.59,75.16
"RAEBARELI","Raebareli","Uttar Pradesh",26.2,81.15
"RAICHUR","Raichur","Karnataka",16.06,76.92
"RAIGARH","Raigarh","Chhattisgarh",22.07,83.37
"RAIGARH-MH","Raigarh-Mh","Maharashtra",18.49,73.25
"RAIPUR","Raipur","Chhattisgarh",21.3,81.86
"RAISEN","Raisen","Madhya Pradesh",23.27,78.09
"RAJANNA-SIRCILLA","Rajanna-Sircilla","Andhra Pradesh",18.45,78.77
"RAJGARH","Rajgarh","Madhya Pradesh",23.77,76.81
"RAJKOT","Rajkot","Gujarat",22.35,70.77
"RAJNANDGAON","Rajnandgaon","Chhattisgarh",21.07,80.81
"RAJOURI","Rajouri","Jammu and Kashmir",33.32,74.4
"RAJSAMAND","Rajsamand","Rajasthan",25.08,73.94
"RAMANATHAPURAM","Ramanathapuram","Tamil Nadu",9.34,78.65
"RAMBAN","Ramban","Jammu and Kashmir",33.24,75.21
"RAMGARH","Ramgarh","Jharkhand",23.68,85.54
"RAMNAGAR","Ramnagar","Karnataka",12.72,77.35
"RAMPUR","Rampur","Uttar Pradesh",28.87,79.22
"RANCHI","Ranchi","Jharkhand",23.3,85.39
"RANGAREDDY","Rangareddy","Andhra Pradesh",17.13,78.38
"RATLAM","Ratlam","Madhya Pradesh",23.51,75.1
"RATNAGIRI","Ratnagiri","Maharashtra",17.28,73.45
"RAYAGADA","Rayagada","Orissa",19.34,83.46
"RCH","Rch","Karnataka",16.2,77.35
"RCT","Rct","Andhra Pradesh",16.55,79.55
"RDP","Rdp","Gujarat",23.83,71.6
"REDFORT","Redfort","Delhi",28.65,77.24
"REWA","Rewa","Madhya Pradesh",24.76,81.68
"REWARI","Rewari","Haryana",28.22,76.57
"RGH","Rgh","Chhattisgarh",21.88,83.38
"RI-BHOI","Ri-Bhoi","Meghalaya",25.88,91.82
"RIASI","Riasi","Jammu and Kashmir",33.19,74.8
"RISHIKESH","Rishikesh","Uttaranchal",30.19,78.17
"RJH","Rjh","Madhya Pradesh",24,76.72
"RJK","Rjk","Gujarat",22.3,70.78
"RMD","Rmd","Andhra Pradesh",18.77,79.43
"RMP","Rmp","Uttar Pradesh",28.75,79
"RNC","Rnc","Jharkhand",23.32,85.32
"RNG","Rng","Assam",26.43,91.62
"ROHINI","Rohini","Delhi",28.75,77.06
"ROHTAK","Rohtak","Haryana",28.89,76.56
"ROHTAS","Rohtas","Bihar",24.94,83.99
"RPR","Rpr","Chhattisgarh",21.23,81.65
"RRK","Rrk","Uttaranchal",29.85,77.88
"RRL","Rrl","Orissa",22.22,84.88
"RSN","Rsn","Madhya Pradesh",23.32,77.83
"RTK","Rtk","Haryana",28.83,76.58
"RTL","Rtl","Madhya Pradesh",23.32,75.05
"RTN","Rtn","Maharashtra",16.98,73.33
"RUDRAPRAYAG","Rudraprayag","Uttaranchal",30.61,79.09
"RUP","Rup","Assam",26.15,89.92
"RUPNAGAR","Rupnagar","Punjab",30.93,76.51
"RWA","Rwa","Madhya Pradesh",24.53,81.3
"RXL","Rxl","Bihar",26.98,84.85
"Rabale","Rabale","Maharashtra",19.1463,73.0081
"Raikhad","Raikhad","Gujarat",23.0205,72.5793
"Rakhiyal","Rakhiyal","Gujarat",23.0168,72.6258
"S-EAST-DELHI","S-East-Delhi","Delhi",28.55,77.28
"S-WEST-DELHI","S-West-Delhi","Delhi",28.58,76.97
"SAB","Sab","Bihar",25.23,87.07
"SABARKANTHA","Sabarkantha","Gujarat",23.77,73.2
"SAFDARJUNG","Safdarjung","Delhi",28.58,77.21
"SAG","Sag","West Bengal",21.72,88.1
"SAGAR","Sagar","Madhya Pradesh",23.81,78.71
"SAHAB","Sahab","Uttaranchal",30.69,79.62
"SAHARANPUR","Saharanpur","Uttar Pradesh",29.95,77.5
"SAHARSA","Saharsa","Bihar",25.84,86.6
"SAHEBGANJ","Sahebganj","Jharkhand",25.03,87.71
"SAIHA","Saiha","Mizoram",22.25,92.95
"SALEM","Salem","Tamil Nadu",11.7,78.1
"SAMASTIPUR","Samastipur","Bihar",25.77,85.97
"SAMBA","Samba","Jammu and Kashmir",32.58,75.1
"SAMBALPUR","Sambalpur","Orissa",21.5,84.2
"SAMBHAL","Sambhal","Uttar Pradesh",28.55,78.54
"SAN","San","Punjab",30.17,75.83
"SANGAREDDY","Sangareddy","Andhra Pradesh",17.73,77.94
"SANGLI","Sangli","Maharashtra",17.17,74.68
"SANGRUR","Sangrur","Punjab",30.21,75.88
"SANTRAVI","Santravi","Uttar Pradesh",25.36,82.63
"SARAIKELA","Saraikela","Jharkhand",22.81,85.88
"SARAN","Saran","Bihar",25.92,84.81
"SATARA","Satara","Maharashtra",17.64,74.22
"SATNA","Satna","Madhya Pradesh",24.58,80.88
"SAWAI-MADHOPUR","Sawai-Madhopur","Rajasthan",26.1,76.65
"SBR","Sbr","Assam",26.98,94.63
"SCZ","Scz","Maharashtra",19.12,72.85
"SDH","Sdh","",20.85,88.25
"SDI","Sdi","Madhya Pradesh",24.42,81.87
"SDN","Sdn","Gujarat",22.73,71.6
"SEHORE","Sehore","Madhya Pradesh",23.02,77.04
"SENAPATI","Senapati","Manipur",25.3,94.08
"SEONI","Seoni","Madhya Pradesh",22.27,79.74
"SEPAHIJALA","Sepahijala","Tripura",23.53,91.3
"SERCHHIP","Serchhip","Mizoram",23.26,92.94
"SFD","Sfd","Delhi",28.58,77.23
"SGR","Sgr","Madhya Pradesh",23.85,78.75
"SHAHDARA","Shahdara","Delhi",28.66,77.3
"SHAHDOL","Shahdol","Madhya Pradesh",23.65,81.49
"SHAHJAHANPUR","Shahjahanpur","Uttar Pradesh",27.97,79.85
"SHAJAPUR","Shajapur","Madhya Pradesh",23.35,76.67
"SHAMLI","Shamli","Uttar Pradesh",29.46,77.29
"SHEIKHPURA","Sheikhpura","Bihar",25.12,85.79
"SHEOPUR","Sheopur","Madhya Pradesh",25.74,77.07
"SHG","Shg","",35.01,75.51
"SHIMLA","Shimla","Himachal Pradesh",31.24,77.65
"SHIMOGA","Shimoga","Karnataka",14.06,75.25
"SHIVHAR","Shivhar","Bihar",26.49,85.29
"SHIVPURI","Shivpuri","Madhya Pradesh",25.38,77.74
"SHJ","Shj","Uttar Pradesh",27.88,79.9
"SHL","Shl","Meghalaya",25.57,91.88
"SHOLAPUR","Sholapur","Maharashtra",17.83,75.52
"SHOLINGANALLUR","Sholinganallur","Tamil Nadu",12.91,80.24
"SHOPIAN","Shopian","Jammu and Kashmir",33.72,74.79
"SHP","Shp","Madhya Pradesh",25.67,76.68
"SHR","Shr","Andhra Pradesh",13.72,80.2
"SHRAVASTI","Shravasti","Uttar Pradesh",27.61,81.92
"SIANG","Siang","Arunachal Pradesh",28.48,94.78
"SIBSAGAR","Sibsagar","Assam",26.95,94.74
"SIDDHI","Siddhi","Madhya Pradesh",24.32,81.75
"SIDDIPET","Siddipet","Andhra Pradesh",18.01,78.9
"SIDHARTH-NGR","Sidharth-Ngr","Uttar Pradesh",27.26,82.87
"SIKAR","Sikar","Rajasthan",27.66,75.1
"SILVASSA","Silvassa","Dadra and Nagar Haveli",20.27,73
"SIMDEGA","Simdega","Jharkhand",22.59,84.54
"SINDHUDURG","Sindhudurg","Maharashtra",16.14,73.76
"SINGROLI","Singroli","Madhya Pradesh",24.24,82.35
"SIRMUR","Sirmur","Himachal Pradesh",30.7,77.43
"SIROHI","Sirohi","Rajasthan",24.81,72.71
"SIRSA","Sirsa","Haryana",29.6,74.89
"SITAMARHI","Sitamarhi","Bihar",26.57,85.54
"SITAPUR","Sitapur","Uttar Pradesh",27.51,80.86
"SIVAGANGA","Sivaganga","Tamil Nadu",9.88,78.63
"SIWAN","Siwan","Bihar",26.13,84.4
"SJP","Sjp","Madhya Pradesh",23.43,76.32
"SKR","Skr","Rajasthan",27.62,75.13
"SKT","Skt","West Bengal",23.65,87.7
"SLC","Slc","Assam",24.75,92.8
"SLG","Slg","West Bengal",26.67,88.37
"SLM","Slm","Tamil Nadu",11.65,78.17
"SLP","Slp","Maharashtra",17.67,75.9
"SMB","Smb","Orissa",21.47,83.97
"SMG","Smg","Karnataka",13.93,75.63
"SML","Sml","Himachal Pradesh",31.1,77.17
"SMP","Smp","Rajasthan",25.98,76.37
"SNG","Sng","Maharashtra",16.85,74.6
"SNI","Sni","Madhya Pradesh",22.08,79.55
"SNM","Snm","Jammu and Kashmir",34.32,75.32
"SOLAN","Solan","Himachal Pradesh",31.06,76.93
"SON","Son","Maharashtra",21.1,79.05
"SONAPUR","Sonapur","Orissa",20.95,83.89
"SONBHADRA","Sonbhadra","Uttar Pradesh",24.39,83.04
"SONEPRAYAG","Soneprayag","Uttaranchal",30.63,78.99
"SONIPAT","Sonipat","Haryana",29.05,76.86
"SONITPUR","Sonitpur","Assam",26.77,92.7
"SOUTH","South","Sikkim",27.31,88.4
"SOUTH-DELHI","South-Delhi","Delhi",28.47,77.18
"SOUTH-GARO","South-Garo","Meghalaya",25.24,90.68
"SOUTH-GOA","South-Goa","Goa",15.12,74.06
"SOUTH-TRIPURA","South-Tripura","Tripura",23.25,91.6
"SRC","Src","Maharashtra",18.85,79.97
"SRI-KAKULAM","Sri-Kakulam","Andhra Pradesh",18.62,84.09
"SRINAGAR","Srinagar","Jammu and Kashmir",34.17,75.05
"SRINAGAR-UK","Srinagar-Uk","Uttaranchal",30.22,78.81
"SRL","Srl","Karnataka",14.07,74.53
"SRN","Srn","Jammu and Kashmir",34.08,74.83
"SRT","Srt","Gujarat",21.2,72.83
"SS-MANKACHAR","Ss-Mankachar","",25.78,89.61
"STA","Sta","Maharashtra",17.52,74.05
"STN","Stn","Madhya Pradesh",24.57,80.83
"STP","Stp","Uttar Pradesh",26.25,82
"SUKMA","Sukma","Chhattisgarh",18.2,81.34
"SULTANUR","Sultanur","Uttar Pradesh",26.25,82.22
"SUN","Sun","Orissa",22.02,84
"SUNDERGARH","Sundergarh","Orissa",22.25,84.46
"SUP","Sup","Bihar",26.13,86.58
"SUPAUL","Supaul","Bihar",26.28,86.76
"SURAJPUR","Surajpur","Chhattisgarh",23.38,82.98
"SURAT","Surat","Gujarat",21.3,73.04
"SURENDRANAGAR","Surendranagar","Gujarat",22.6,71.57
"SURGUJA","Surguja","Chhattisgarh",23.07,83.29
"SURYAPET","Suryapet","Andhra Pradesh",17.08,79.72
"SVP","Svp","Madhya Pradesh",25.33,77.65
"SWEST-GARO","Swest-Garo","",25.5,89.7
"SWEST-KHASI","Swest-Khasi","Meghalaya",25.31,91.21
"S_P_Stadium","S_P_Stadium","Gujarat",23.043,72.563
"TAMENGLONG","Tamenglong","Manipur",25.1,93.56
"TAN","Tan","Assam",26.65,91.92
"TAPI","Tapi","Gujarat",21.29,73.6
"TAPOVAN","Tapovan","Uttaranchal",30.49,79.63
"TARAN","Taran","Punjab",31.33,74.9
"TAWANG","Tawang","Arunachal Pradesh",27.66,92.01
"TEHRI-GARHWAL","Tehri-Garhwal","Uttaranchal",30.37,78.49
"TEN","Ten","Tamil Nadu",8.95,77.31
"TENGNOUPAL","Tengnoupal","Manipur",24.48,94.23
"TEZ","Tez","Assam",26.72,92.8
"THAMBARAM","Thambaram","Tamil Nadu",12.92,80.12
"THANE","Thane","Maharashtra",19.35,73.32
"THANJAVUR","Thanjavur","Tamil Nadu",10.79,79.1
"THENI","Theni","Tamil Nadu",9.87,77.45
"THIMPHU","Thimphu","",27.47,89.75
"THIRUVETRIVUR","Thiruvetrivur","Tamil Nadu",13.15,80.29
"THOUBAL","Thoubal","Manipur",24.65,94.02
"THR","Thr","Uttaranchal",30.4,78.48
"THRISSUR","Thrissur","Kerala",10.48,76.35
"TIKAMGARH","Tikamgarh","Madhya Pradesh",25,78.89
"TINSUKIA","Tinsukia","Assam",27.59,95.62
"TIR","Tir","Tamil Nadu",8.73,77.75
"TIRAP","Tirap","Arunachal Pradesh",26.95,95.54
"TIRUNELVELI","Tirunelveli","Tamil Nadu",8.85,77.57
"TIRUPPUR","Tiruppur","Tamil Nadu",10.79,77.5
"TIRUVALLUR","Tiruvallur","Tamil Nadu",13.26,80.07
"TIRUVANDRUM","Tiruvandrum","Kerala",8.57,76.97
"TIRUVANNAMALAI","Tiruvannamalai","Tamil Nadu",12.55,79.15
"TIRUVARUR","Tiruvarur","Tamil Nadu",10.65,79.52
"TKG","Tkg","Madhya Pradesh",24.77,78.83
"TMK","Tmk","Karnataka",13.33,77.08
"TND","Tnd","",9.73,79.03
"TNG","Tng","Nagaland",26.27,94.82
"TNI","Tni","Andhra Pradesh",17.35,82.55
"TNJ","Tnj","Tamil Nadu",10.78,79.13
"TNK","Tnk","Rajasthan",26.17,75.75
"TONK","Tonk","Rajasthan",26.12,75.72
"TPI","Tpi","Andhra Pradesh",13.67,79.58
"TRA","Tra","Meghalaya",25.52,90.23
"TRIBAL-TERRITY","Tribal-Territy","",35.85,73.7
"TRICHY","Trichy","Tamil Nadu",10.94,78.69
"TRP","Trp","Tamil Nadu",10.77,78.72
"TRR","Trr","Tamil Nadu",12.48,78.57
"TRT","Trt","Tamil Nadu",13.15,79.53
"TRV","Trv","Kerala",8.48,76.95
"TTC","Ttc","",8.75,78.18
"TTG","Ttg","Orissa",20.29,83.14
"TUENSANG","Tuensang","Nagaland",26.17,94.87
"TUMKUR","Tumkur","Karnataka",13.55,76.93
"TUTICORIN","Tuticorin","Tamil Nadu",8.9,78
"TZP","Tzp","Assam",26.62,92.78
"Thane","Thane","Maharashtra",19.2183,72.9781
"UDA","Uda","Rajasthan",24.62,73.88
"UDAIPUR","Udaipur","Rajasthan",24.47,73.73
"UDALGURI","Udalguri","Assam",26.7,92.06
"UDHAMPUR","Udhampur","Jammu and Kashmir",32.9,75.38
"UDHAMSINGH-NGR","Udhamsingh-Ngr","Uttaranchal",28.95,79.75
"UDM","Udm","Jammu and Kashmir",32.91,75.17
"UDP","Udp","Rajasthan",24.58,73.7
"UDUPI","Udupi","Karnataka",13.48,74.89
"UJJAIN","Ujjain","Madhya Pradesh",23.3,75.69
"UJN","Ujn","Madhya Pradesh",23.18,75.78
"UKHIMATH","Ukhimath","Uttaranchal",30.51,79.09
"UKHRUL","Ukhrul","Manipur",25.08,94.43
"ULB","Ulb","West Bengal",22.47,88.1
"UMARIA","Umaria","Madhya Pradesh",23.64,80.94
"UMR","Umr","Madhya Pradesh",23.53,80.88
"UNA","Una","Himachal Pradesh",31.58,76.21
"UNAKOTI","Unakoti","Tripura",24.18,92.06
"UNNAO","Unnao","Uttar Pradesh",26.57,80.55
"UPPER-DIBANG-VALLEY","Upper-Dibang-Valley","Arunachal Pradesh",28.85,95.93
"UPPER-SIANG","Upper-Siang","Arunachal Pradesh",28.95,94.8
"UPPER-SUBANSIRI","Upper-Subansiri","Arunachal Pradesh",28.38,93.8
"USI","Usi","Uttar Pradesh",26.75,80.88
"UTK","Utk","Uttaranchal",30.73,78.45
"UTM","Utm","Tamil Nadu",11.4,76.73
"UTTARKANNAD","Uttarkannad","Karnataka",14.73,74.58
"UTTARKASHI","Uttarkashi","Uttaranchal",30.97,78.58
"Udgir","Udgir","Maharashtra",18.3943,77.1126
"VAISHALI","Vaishali","Bihar",25.75,85.35
"VALSAD","Valsad","Gujarat",20.43,73.11
"VARANASI","Varanasi","Uttar Pradesh",25.45,83.09
"VDN","Vdn","Tamil Nadu",10.37,79.85
"VDS","Vds","Madhya Pradesh",23.53,77.82
"VELLORE","Vellore","Tamil Nadu",12.91,79
"VIDISHA","Vidisha","Madhya Pradesh",23.85,77.78
"VIKARABAD","Vikarabad","Andhra Pradesh",17.27,77.71
"VILLUPURAM","Villupuram","Tamil Nadu",11.79,79.12
"VIRUDHUNAGAR","Virudhunagar","Tamil Nadu",9.43,77.91
"VISAKHAPATNAM","Visakhapatnam","Andhra Pradesh",17.8,82.66
"VIZIANAGARAM","Vizianagaram","Andhra Pradesh",18.09,83.55
"VJW","Vjw","Andhra Pradesh",16.5,80.64
"VLR","Vlr","Tamil Nadu",12.92,79.15
"VNG","Vng","Maharashtra",15.87,73.63
"VNS","Vns","Uttar Pradesh",25.45,82.87
"VRS","Vrs","Uttar Pradesh",25.3,83.02
"VSK","Vsk","Andhra Pradesh",17.72,83.23
"VVL","Vvl","Gujarat",20.9,70.37
"VVN","Vvn","Gujarat",22.57,72.93
"W-KARBI-ANALOG","W-Karbi-Analog","Assam",25.85,92.62
"WANAPARTHY","Wanaparthy","Andhra Pradesh",16.36,77.99
"WARANGAL-RURAL","Warangal-Rural","Andhra Pradesh",17.95,79.76
"WARANGAL-URBAN","Warangal-Urban","Andhra Pradesh",18.03,79.45
"WARDHA","Wardha","Maharashtra",20.83,78.64
"WASHIM","Washim","Maharashtra",20.11,77.15
"WAYANAD","Wayanad","Kerala",11.72,76.11
"WEST","West","Sikkim",27.37,88.19
"WEST-DELHI","West-Delhi","Delhi",28.64,77.07
"WEST-GARO","West-Garo","Meghalaya",25.78,90.33
"WEST-GODAVARI","West-Godavari","Andhra Pradesh",16.89,81.52
"WEST-KAMENG","West-Kameng","Arunachal Pradesh",27.33,92.46
"WEST-KHASI","West-Khasi","Meghalaya",25.65,91.3
"WEST-SIANG","West-Siang","Arunachal Pradesh",28.6,94.35
"WEST-SINGBHUM","West-Singbhum","Jharkhand",22.42,85.52
"WEST-TRIPURA","West-Tripura","Tripura",23.8,91.37
"WOKHA","Wokha","Nagaland",26.24,94.17
"WRD","Wrd","Maharashtra",20.67,78.58
"YADADRI","Yadadri","Andhra Pradesh",17.42,79.07
"YADGIRI","Yadgiri","Karnataka",16.57,76.89
"YAMUNA-NGR","Yamuna-Ngr","Haryana",30.22,77.34
"YAMUNOTRI","Yamunotri","Uttaranchal",30.99,78.46
"YANAM","Yanam","Tamil Nadu",11.76,79.71
"YEOTMAL","Yeotmal","Maharashtra",20.07,78.22
"YOT","Yot","Maharashtra",20.4,78.15
"ZIR","Zir","Arunachal Pradesh",27.54,93.81
"ZUNHEBOTO","Zunheboto","Nagaland",26.03,94.53
